Start String,Generated Vocab
sul,sula
sula,sula
sulawesens,sulawesensis
s,sibilis
sulawesensi,sulawesensis
sulawe,sulawe
sulawese,sulawesensis
sulawes,sulawesi
su,sus
sulawesensis,sulawesensis
wellswebbera,wellswebberae
well,wellerae
wel,weli
wellswebb,wellswebbi
we,wels
w,wiczi
wells,wellsmathi
wellsw,wellswlatti
wellswebber,wellswebbersei
wellswebbe,wellswebbe
kukuhaa,kukuhaa
kuk,kukensis
kukuh,kukuhi
kukuhaa,kukuhaa
ku,ku
kuk,kukhi
k,kiae
k,kiae
kukuha,kukuha
kukuhaa,kukuhaa
sublat,sublata
sublat,sublata
sub,subata
s,schaensis
sublat,sublataris
subl,subloscota
sublat,sublata
s,shur
subl,sublacki
sub,subtata
petatla,petatla
petatla,petatla
peta,peta
p,patescens
pe,pe
peta,petarius
p,pedita
petatl,petatlanti
petatlan,petatlanti
pe,peola
qin,qina
qin,qinai
qin,qinus
q,qiensis
qin,qina
q,que
qin,qina
qin,qina
qin,qina
q,quepura
egonpre,egonprensis
egonpret,egonpreta
eg,egus
egon,egongui
egonpretneri,egonpretneri
egonpretner,egonpretneri
egonpr,egonpresi
ego,egona
egonpretne,egonpretneri
e,ensis
uintico,uinticola
uin,uinus
u,us
ui,ui
uinticolen,uinticolens
uinticol,uinticola
uint,uint
uinti,uinti
uinticolens,uinticolens
uintic,uinticum
macro,macros
ma,ma
macromma,macromma
mac,macula
macromm,macromma
mac,machadae
macromm,macromma
macrom,macroma
ma,ma
macrom,macromaculatus
pe,pe
per,pera
perpilosu,perpilosus
perpilo,perpilos
perp,perpae
p,poensis
perpilosus,perpilosus
perpi,perpis
perpilos,perpilosa
perpil,perpilis
t,tes
trinita,trinita
trinitati,trinitatis
trinitat,trinitatus
trini,trini
tr,trux
tri,trix
trinitatis,trinitatis
trin,trina
trinit,triniti
ultim,ultima
ultimus,ultimus
ultimu,ultimum
ult,ult
u,us
ultimu,ultimus
ulti,ulti
ultimus,ultimus
ult,ult
ultim,ultima
cine,cine
ciner,cineri
c,chia
ci,ci
cinera,cinera
cinerasce,cinerascens
cinerascen,cinerascens
cinerascens,cinerascensis
cineras,cineras
cinerasc,cinerascens
molot,molotus
molo,molo
molo,molo
molotra,molotra
molot,molot
mol,mola
mo,moensis
m,mae
molotr,molotranus
molotr,molotra
crescopi,crescopis
c,chatockensis
cres,cres
crescopict,crescopicta
crescopicta,crescopicta
cresc,crescens
crescop,crescophilus
crescopic,crescopicta
cr,crista
cresco,cresco
wauens,wauensis
w,wa
w,wis
wau,wauthi
wauen,wauensis
wa,wa
wauensi,wauensis
wauensis,wauensis
waue,wauensis
wa,wa
sh,shari
shiv,shivi
shi,shi
sh,shari
shiv,shivi
shivaji,shivaji
shivaj,shivaja
shiva,shivae
shiva,shivai
shiva,shivai
yam,yamensis
yamasaki,yamasaki
ya,ya
y,yi
yamas,yamas
yama,yamai
yamasak,yamasake
yamasakii,yamasakii
yamasa,yamasa
y,yongensis
fratern,fraterne
fraterna,fraterna
fraterna,fraterna
fr,fremaria
frat,frattae
fra,fra
frater,fraterus
fr,frelandi
frate,fraterna
fra,frans
testa,testa
test,testre
testaceo,testaceomarginata
testaceolin,testaceolinus
t,ten
testaceoli,testaceolis
testace,testacensis
testaceolineat,testaceolineatus
testaceoline,testaceolineatus
testac,testaca
ge,gensis
gexueju,gexuejunura
gex,gex
gexu,gexus
ge,gensis
gexue,gexuensis
gexuejuni,gexuejuni
gexuejuni,gexuejuni
gexueju,gexuejunatus
gexuejun,gexuejuni
rufo,ruforum
rufopunctat,rufopunctatum
rufopunc,rufopunctata
rufopunct,rufopunctata
ru,rus
rufopun,rufopuni
rufopuncta,rufopunctatus
r,rica
rufopu,rufopus
ruf,rufpurense
ningyua,ningyua
ningyuan,ningyuani
ni,ni
ni,ni
ningyua,ningyua
ningyuan,ningyuani
ningy,ningyi
ning,ningtoni
nin,ning
ningyuan,ningyuani
sp,spharicus
spin,spina
spinulatu,spinulatus
s,skeni
spinula,spinula
spinu,spinus
spinulatus,spinulatus
spi,spina
spinul,spinula
spinulat,spinulata
i,i
inpae,inpae
in,ina
inpa,inpal
inpae,inpae
inp,inporum
in,ina
inpa,inpa
inpa,inpa
inpa,inparta
seriepunctatu,seriepunctatum
seriepunctat,seriepunctatus
seriepun,seriepunctata
seriepunctatus,seriepunctatus
seriep,serieporum
seri,serix
serie,seriensis
ser,seri
se,seta
seriepu,seriepuru
confus,confus
confu,confucu
con,conensis
confu,confus
confusu,confusu
confusu,confusu
c,chingensis
con,cons
co,coba
con,con
geumen,geumensis
geumen,geumensis
g,goaldi
geumen,geumensis
ge,gena
geum,geum
geumen,geumensis
geu,geus
geu,geus
geu,geus
barr,barra
barroanus,barroanus
barr,barra
barr,barrei
barr,barra
barroan,barroano
barro,barrofo
ba,banus
barroan,barroana
bar,barus
alt,altae
a,angulus
a,alpas
alter,alterum
al,al
a,ae
alt,alta
a,ana
a,arius
alte,alte
auricomus,auricomus
auricomu,auricomus
aurico,auricola
aurico,auricola
aurico,auricola
auri,auri
auric,aurica
aur,auryi
aur,auri
auricom,auricoma
cairo,cairo
cairoens,cairoensis
cairo,cairo
cair,cairi
cai,cai
ca,ca
cai,cai
cairoen,cairoensis
cairoens,cairoense
cairo,cairo
lib,libus
l,lica
lib,libi
libu,libus
li,lia
libud,libudsi
libud,libudensis
libu,libus
libu,libux
libu,libum
d,doi
daliensis,daliensis
dali,dalis
da,da
daliensis,daliensis
dali,dalis
dali,dalis
dalien,daliensis
daliensi,daliensis
dalie,daliensis
volc,volci
volcania,volcania
v,vannae
volca,volca
volc,volci
v,vitchi
vol,vol
vol,vol
volcani,volcani
v,vis
laticla,laticlari
lati,latis
la,la
laticlavia,laticlavia
laticlav,laticlav
lat,latrae
laticlavi,laticlavis
laticl,laticlavi
l,lineatus
latic,laticus
h,hamensis
hawkeswo,hawkeswo
hawkesw,hawkeswari
haw,haw
hawkeswoo,hawkeswoori
hawke,hawkei
hawkeswood,hawkeswoodi
ha,haensis
hawkeswoodi,hawkeswoodi
hawk,hawki
spatiosum,spatiosum
spatios,spatiosa
s,shanensis
spatio,spation
spa,spatana
spatiosu,spatiosus
s,shingi
sp,sper
spa,spa
spa,spatus
chevreu,chevreux
chevreux,chevreuxi
chevreuxi,chevreuxi
chevreu,chevreudi
chevreux,chevreux
chevre,chevrei
ch,chiensis
c,chica
che,che
chevreuxi,chevreuxi
umtatic,umtaticus
um,um
u,us
um,um
umt,umta
umtati,umtati
umtaticus,umtaticus
umtaticu,umtaticus
umtaticus,umtaticus
umtaticu,umtaticus
spadix,spadix
spadix,spadix
sp,sphinicus
spadi,spadi
s,scripta
s,stranensis
spa,spalis
s,sus
sp,spuricus
spad,spadensis
gajardoi,gajardoi
gajard,gajardi
gaj,gajo
gajardoi,gajardoi
gajard,gajardi
gajard,gajardi
gajard,gajardi
gaja,gaja
gajardoi,gajardoi
g,guo
echigo,echigo
ec,ec
echigo,echigo
e,ense
ec,ec
echigonis,echigonis
echigo,echigo
echigoni,echigoni
echigon,echigong
echigonis,echigonis
a,a
amo,amo
amoe,amoensis
amoenus,amoenus
amoen,amoensis
amoenus,amoenus
amoe,amoensis
amoe,amoensis
am,am
amo,amo
rambodja,rambodja
ra,ra
rambodjav,rambodjavi
rambod,ramboda
rambodj,rambodjiorumi
rambodjava,rambodjavae
rambo,rambo
rambodjavani,rambodjavani
ram,rama
ramb,rambi
pl,ples
plebeia,plebeia
pleb,pleba
pl,plim
plebei,plebei
plebe,plebergi
plebe,plebergensis
p,pat
pleb,plebo
plebe,plebe
pis,pis
pis,pis
pi,pilis
pis,pis
pista,pista
pis,pis
pist,pista
pi,piens
pist,pista
pista,pista
vulnerata,vulnerata
vulner,vulneri
v,vittatus
vulne,vulnei
vulne,vulnei
vulnera,vulnera
vulnera,vulnera
vulner,vulnerae
vulnerat,vulnerata
vu,vum
janine,janine
janin,janina
janineae,janineae
janin,janina
janinea,janineae
ja,ja
janinea,janineae
janinea,janineae
jani,jani
jani,jani
ta,ta
ta,ta
tabu,tabunda
tabu,tabu
tabu,tabus
tabu,tabunda
tabula,tabularis
tabula,tabularis
tab,tabye
ta,ta
n,nako
nib,nibium
n,na
n,nicus
nibas,nibas
ni,nia
nibasa,nibasa
nib,nibidi
ni,nii
niba,niba
ir,ira
i,ita
iraray,irarayi
irar,irara
ir,iri
ir,ira
iraray,irarayense
i,i
irar,irarum
i,i
limpop,limpopata
li,liaris
limpopo,limpopoidi
lim,limani
lim,liman
limpo,limpoi
lim,lim
limpop,limpopatus
limpop,limpoputana
limpop,limpopatis
aguac,aguacu
aguaca,aguaca
aguacalien,aguacaliensis
a,a
aguacalient,aguacalientensis
ag,agensis
aguacalie,aguacaliensis
aguacal,aguacala
agu,agu
aguacali,aguacali
watt,wattoni
watta,wattai
watt,watti
watta,wattae
watta,wattae
wat,wat
w,we
watt,watt
w,wani
watta,wattae
bah,bahi
b,bari
ba,bania
bahla,bahlae
ba,ba
b,berg
b,berg
b,barina
bahl,bahleri
bahla,bahlae
demer,demeri
demerar,demeraria
demerar,demerariensis
demerar,demeraria
demer,demeri
deme,demei
demerara,demerarae
d,demana
d,dens
demera,demera
ga,gaensis
gabr,gabri
gab,gabensis
gabr,gabrum
gabrie,gabriensis
ga,gaensis
ga,gansha
gabriel,gabrielensis
gabriel,gabrieli
ga,ganensis
cing,cing
cingulip,cingulipalpis
cinguli,cingulifera
cingul,cingula
cingulipe,cingulipes
cingulipes,cingulipes
cingu,cingu
ci,cilla
cin,cina
c,chinensis
san,san
sanus,sanus
sanu,sanus
san,sana
sanu,sanus
san,sanensis
sanus,sanus
san,sanensis
sa,sa
sa,sana
uruguayensi,uruguayensis
uruguay,uruguaya
uruguayensis,uruguayensis
uruguayen,uruguayense
ur,ura
uruguayens,uruguayensis
urug,uruga
urugu,urugua
u,us
uru,uru
mus,musensis
musar,musari
musarum,musarum
mu,mura
musarum,musarum
musaru,musaru
musarum,musarum
musar,musar
m,marginata
musarum,musarum
bodanu,bodanus
bo,bo
bo,bo
bod,bod
bodanus,bodanus
bodanus,bodanus
bod,bodo
bo,bo
bodanu,bodanus
bodanus,bodanus
ino,ino
in,inus
inop,inopalpis
inops,inops
inop,inopalpis
inop,inopis
inops,inops
in,inum
in,inga
ino,inoensis
a,avensis
an,angensis
anubi,anubis
a,anus
anubi,anubila
anubi,anubis
anubi,anubila
a,a
anub,anuba
anubis,anubis
madan,madan
mad,madoi
ma,ma
madani,madani
ma,ma
ma,ma
m,mar
mad,madi
mad,maduorum
madani,madani
cyc,cyca
cyc,cychus
cyclos,cyclos
cyc,cyca
cyclosi,cyclosi
cyclosis,cyclosis
cyc,cyca
cyclosisa,cyclosisa
c,chio
cyc,cyca
wari,wari
warialda,warialdae
war,wari
wariald,warialdi
war,war
war,war
waria,waria
wari,wari
wa,wa
wariald,warialdi
vel,veli
velutin,velutin
ve,vensis
velu,velus
velutina,velutina
velutin,velutin
vel,veli
velutina,velutina
ve,veni
velutin,velutina
l,loides
luteipalpis,luteipalpis
lu,lus
luteipal,luteipalpis
luteipa,luteipalpis
luteipalp,luteipalpis
lutei,lutei
lut,luta
lute,lutensis
luteipalpi,luteipalpis
lashb,lashbi
las,lasviti
la,la
l,longata
lashbrooki,lashbrooki
lashbrook,lashbrooki
lash,lasharti
lashbroo,lashbrooki
lashbro,lashbroni
lashbr,lashbri
bla,blae
b,brosa
blai,blai
blai,blai
blair,blairi
blairei,blairei
b,barrai
blairei,blairei
bl,blia
blairei,blairei
vancott,vancotti
vancotthemi,vancotthemi
va,va
v,vulva
vancotth,vancotthi
vancotthe,vancottheri
vanco,vancor
vancot,vancotorum
vanc,vanchi
vancotthem,vancotthemi
o,o
oubatchen,oubatchensis
ouba,ouba
oub,oubi
oubatchensis,oubatchensis
oubatchensi,oubatchensis
oubat,oubat
oubatchens,oubatchensis
ou,ou
oubatche,oubatchensis
erici,erici
ericicol,ericicola
ericicola,ericicola
ericicola,ericicola
ericic,ericica
eric,erica
eric,ericus
ericicola,ericicola
eric,erica
ericicol,ericicola
e,ensis
evexu,evexus
evexu,evexum
evexum,evexum
eve,evee
evex,evex
evexu,evexum
evexu,evexum
evexum,evexum
ev,evi
bagani,bagani
baganihan,baganihan
baganih,baganiha
baganiha,baganiha
ba,ba
baganihan,baganihanus
bag,bag
bagan,bagan
baganih,baganihu
baga,baga
velutin,velutin
velutinu,velutinus
velu,velus
velut,veluti
vel,velae
velut,veluta
velutinu,velutinus
vel,velae
velut,veluth
v,villa
tasmanicola,tasmanicola
tasmanic,tasmanica
tasman,tasmans
tasmanico,tasmanico
tasmani,tasmani
tasm,tasma
tasmanicol,tasmanicola
tasma,tasma
t,trix
tas,tas
m,menta
mcheid,mcheidae
mc,mcaphiae
mcheidz,mcheidzi
mch,mchikensis
mcheidzea,mcheidzeae
mcheidze,mcheidzei
mcheidzeae,mcheidzeae
mchei,mchei
mche,mchel
ochreatu,ochreatus
ochreat,ochreatus
ochreatus,ochreatus
ochre,ochremus
ochrea,ochreae
ochreatu,ochreatus
ochre,ochremum
ochreatus,ochreatus
ochr,ochros
ochreatu,ochreatum
tibi,tibia
tibial,tibialis
tib,tibula
tibia,tibialis
tibiali,tibialis
tibialis,tibialis
tibiali,tibialis
ti,tina
tibi,tibia
tibiali,tibialis
palmaren,palmarensis
palmarensis,palmarensis
palmare,palmare
pal,palis
palmar,palmaria
palmarensi,palmarensis
palma,palmaensis
palmarens,palmarensis
pa,pa
palm,palmar
taoyua,taoyuanae
taoyua,taoyuan
t,tijana
taoyuan,taoyuan
taoyuan,taoyuan
taoyuan,taoyuan
t,tuberculatus
tao,taoi
taoyua,taoyuas
taoyuan,taoyuan
j,jo
jiuc,jiuchi
jiuchi,jiuchi
ji,ji
jiuchi,jiuchi
jiuc,jiuchui
jiu,jiusi
jiuch,jiuchiei
jiuch,jiuchei
jiu,jiu
physopus,physopus
phys,physis
p,pidus
physop,physopalpis
physop,physopus
p,poensis
physo,physoides
physopu,physopus
physopu,physopus
phy,phys
toubkal,toubkali
tou,tou
toubkal,toubkali
to,toi
toubk,toubka
tou,tou
to,tobo
t,tenda
toubk,toubkii
toubk,toubkhi
rep,repsus
rep,reps
repe,repe
r,ra
r,ros
repens,repensis
re,rensis
re,rensis
repe,repe
repens,repensis
d,dentatus
dromeus,dromeus
dromeus,dromeus
dromeus,dromeus
dromeus,dromeus
dr,droni
d,decimguttatus
dromeus,dromeus
d,dio
dromeu,dromeus
sa,sai
sal,salensis
sal,salensis
sa,sai
salm,salmar
salmo,salmoi
s,shanensis
salmo,salmoi
sa,sarieae
s,soni
sheld,sheldi
sheldri,sheldri
shel,shel
sheldr,sheldri
sheldr,sheldri
shel,sheli
sheldr,sheldri
sheldric,sheldricus
sheld,sheldus
sh,shani
d,dalensis
discrepa,discrepari
discrepantis,discrepantis
discr,discrum
discre,discrepans
di,dicus
discrep,discreps
dis,dis
discrepant,discrepanti
disc,discaudata
patell,patellus
pat,pata
patella,patella
patell,patella
pat,pata
p,perate
patel,patella
pa,pa
patella,patella
patella,patella
taur,taur
tauram,tauram
t,tavia
ta,ta
taurama,tauramaria
tauram,tauram
ta,ta
taur,tauri
taur,taurensis
tau,tau
bilo,bilosa
bilo,bilotata
bi,bi
b,burroi
bi,bi
biloba,biloba
bilo,bilosa
bil,bili
b,baro
bil,billo
gabar,gabart
gab,gaba
gab,gabi
gabard,gabardi
gaba,gaba
gabard,gabardi
gaba,gaba
gabard,gabardi
gaba,gaba
gabardi,gabardi
pagb,pagbe
pagbilao,pagbilao
pagb,pagba
pag,pagua
pagbi,pagbi
pagb,pagbe
pagbi,pagbi
pagbi,pagbi
pa,pamba
pa,pa
r,rugae
rh,rhani
rhin,rhinai
rhino,rhinoi
r,randa
rh,rhinae
rhi,rhi
r,rohus
rhin,rhini
rhino,rhinoi
punctiv,punctiva
p,piculus
punctiventr,punctiventris
pu,pula
punct,punctatus
punctivent,punctiventer
punctiven,punctiventris
pun,punensis
punctive,punctiventris
puncti,punctis
forf,forfi
forfica,forfica
forficatus,forficatus
forfi,forfi
f,filis
forficatu,forficatus
forfic,forficus
for,forti
forficat,forficata
fo,for
wi,wi
witt,witti
wittmer,wittmeri
w,wai
wittm,wittmanni
wittm,wittmae
wittm,wittmi
wi,wi
wittmeri,wittmeri
wittme,wittmeri
jimredneri,jimredneri
jimre,jimrensis
j,jiangensis
jimred,jimrede
jimredn,jimredni
jimr,jimri
ji,ji
jimredne,jimredneri
jimredner,jimredneri
jim,jimana
sut,sutensis
sute,sutensis
suterii,suterii
suter,suterai
sut,sutae
su,sus
sut,sutheri
su,sus
sute,sutensis
s,shensis
a,aria
anco,ancorum
an,ana
a,a
ancorali,ancorali
an,ang
anco,ancorum
anc,ancha
an,ang
ancorali,ancorali
alt,altai
altmannae,altmannae
altma,altmanni
altmannae,altmannae
alt,altoana
altma,altmani
altman,altmani
altmannae,altmannae
altmanna,altmannae
al,alangensis
spirotu,spirotus
spirotubus,spirotubus
spirot,spirotus
s,sangeri
spi,spina
spir,spiralis
spirotub,spirotubus
spirotubu,spirotubus
spiro,spirosa
sp,spera
deb,debi
debundschaens,debundschaensis
debunds,debundsh
de,deri
debundsc,debundscharicus
debundschae,debundschae
debundschaensis,debundschaensis
debundsch,debundschi
debund,debunda
debundschaen,debundschaensis
jenis,jenis
jenise,jenisei
jeniseicum,jeniseicum
jeni,jeni
jeniseic,jeniseica
jeniseicu,jeniseicus
je,jeri
jenisei,jenisei
jen,jensis
j,joensis
manning,manning
manningen,manningensis
m,mae
man,man
manningensis,manningensis
manningensi,manningensis
manningens,manningensis
manninge,manningeri
manni,manni
mannin,manninae
plu,plus
pl,plamis
plumipedat,plumipedata
p,purens
plumiped,plumiped
plum,plum
plumi,plumis
plumipe,plumipes
plumip,plumipes
plumipeda,plumipedator
mont,montensis
mont,monta
mo,monte
m,ma
mont,monta
m,montanus
montanus,montanus
mo,moensis
mon,mon
m,mata
qu,quensis
qu,queta
questus,questus
qu,queri
quest,questr
questu,questunensis
ques,quesaria
q,quinensis
questu,questus
quest,questa
thomensis,thomensis
thomensis,thomensis
th,thalicus
thomensis,thomensis
tho,thorum
tho,thorum
thomensis,thomensis
thomens,thomensisariana
thomensi,thomensis
thomens,thomensis
e,ense
everesta,everesta
everes,everes
ever,everi
ev,evsi
everes,everes
evere,everensis
eve,evee
evere,everensis
everesta,everestae
la,la
lacr,lacri
lacroi,lacroides
lacr,lacri
la,la
lacro,lacroi
lacroi,lacroides
lac,lacea
l,landicus
lacroix,lacroix
chig,chigni
chiguaza,chiguaza
ch,cha
chigua,chigua
chiguaza,chiguaza
chigu,chigus
chi,chi
chiguaza,chiguaza
chigu,chigue
chi,chi
k,kiowi
k,kiana
kl,kliani
kl,klitana
kla,klani
kla,klai
kla,klai
kla,kla
k,kovi
kl,klswsani
lubrica,lubrica
lu,lus
lubr,lubrishana
lu,lus
lu,lus
lubri,lubrita
lubri,lubrisa
lubrica,lubrica
lubr,lubrada
lub,lubinus
eno,enoides
e,ensis
enoplogn,enoplognatha
enopl,enoplus
enoplognath,enoplognatha
en,ensis
enoplo,enoplora
enoplog,enoplogala
enoplognat,enoplognatha
enoplogna,enoplognatha
be,bea
beringianu,beringianus
beringia,beringiana
b,barri
bering,beringi
beri,beri
beringianus,beringianus
berin,berini
beringian,beringianus
beringi,beringi
pignalitoe,pignalitoensis
pignalit,pignalita
pigna,pignata
pignalitoensi,pignalitoensis
p,punctatus
pignalitoen,pignalitoensis
pignal,pignalis
pi,picta
pign,pignata
pignalito,pignalito
janss,janssi
jan,jantensis
ja,jani
j,junae
janssen,jansseni
jansse,janssevi
jansseni,jansseni
jan,jani
jansseni,jansseni
jan,jang
tr,trix
tribulo,tribulosa
trib,tribalis
tribul,tribulum
tri,trix
tribulos,tribulosa
tribu,tribus
t,tun
tribulosu,tribulosus
tribulosus,tribulosus
umtalic,umtalica
um,um
umt,umt
umta,umta
um,um
um,um
u,us
umtal,umtal
umtalica,umtalica
umtal,umtal
tubulat,tubulatra
tubulatus,tubulatus
tubul,tubula
tubula,tubulata
tubu,tubus
tubulatu,tubulatus
t,toni
t,tra
tubul,tubula
tubulatus,tubulatus
ne,nensis
neg,negi
negebens,negebensis
negeb,negebata
neg,negae
negebe,negebe
negebe,negebe
negeb,negebi
negeb,negebi
negebe,negeber
co,co
contri,contris
co,coi
con,cona
co,coha
contrita,contrita
c,chong
cont,contera
c,choi
c,chetnoides
trophoniu,trophonius
t,ta
trophon,trophona
tro,trorum
trophonius,trophonius
trophoni,trophonica
tropho,trophoides
tr,tralis
troph,trophthalmus
trop,trops
oreu,oreus
oreu,oreus
or,orum
or,orum
oreus,oreus
oreus,oreus
o,ognathus
oreu,oreus
ore,orensis
ore,orei
shin,shinae
shinsh,shinshanica
shinshuensi,shinshuensis
sh,shir
shinshu,shinshun
s,soni
shinshue,shinshuensis
shi,shi
shinshuens,shinshuensis
shins,shinsi
latigast,latigastra
lat,latri
l,landicus
latiga,latiga
latigas,latigaster
latig,latiger
lati,latis
la,la
latigastra,latigastra
latigastr,latigastrus
lindenb,lindenberg
l,land
lind,lindi
lindenbergi,lindenbergi
linde,lindens
lin,lin
li,lia
lindenbe,lindenbergi
lindenber,lindenberg
linden,lindensis
panama,panamae
pan,pana
panamanus,panamanus
pana,pana
pa,pa
panamanus,panamanus
pan,pana
panama,panama
panam,panama
pa,pa
z,zarae
z,zi
zon,zon
zonariu,zonarius
z,zi
z,zi
zona,zona
zonarium,zonarium
zo,zoensis
zonari,zonaris
spenceri,spenceri
s,sang
spe,spera
spence,spences
spenc,spencellus
spencer,spencero
spencer,spencera
s,sa
s,sjaevi
spence,spenceus
alupuran,alupuran
alupu,alupu
alup,alupi
al,alaensis
alup,alup
alupuran,alupuran
alu,alus
alupur,alupura
a,aqa
alup,alup
lu,lus
lus,lus
luscini,luscini
luscinia,luscinia
lusc,luscus
l,landensis
lu,lus
l,le
l,leka
lus,lus
